Datetime,Water Level (m)
2025-04-28 18:00:00,-0.1322411
2025-04-28 19:00:00,0.56812125
2025-04-28 20:00:00,1.1160861
2025-04-28 21:00:00,1.4345267
2025-04-28 22:00:00,1.4075071
2025-04-28 23:00:00,1.0342652
2025-04-29 00:00:00,0.5630265
2025-04-29 01:00:00,0.06959473
2025-04-29 02:00:00,-0.41628024
2025-04-29 03:00:00,-0.8724025
2025-04-29 04:00:00,-1.2797731
2025-04-29 05:00:00,-0.9721968
2025-04-29 06:00:00,-0.20265381
2025-04-29 07:00:00,0.6293406
2025-04-29 08:00:00,1.3319148
2025-04-29 09:00:00,1.7978401
2025-04-29 10:00:00,1.9272096
2025-04-29 11:00:00,1.6568445
2025-04-29 12:00:00,1.1758393
2025-04-29 13:00:00,0.6504666
2025-04-29 14:00:00,0.120850295
2025-04-29 15:00:00,-0.3797209
2025-04-29 16:00:00,-0.8371834
2025-04-29 17:00:00,-1.1637506
2025-04-29 18:00:00,-0.6686697
2025-04-29 19:00:00,0.05489511
2025-04-29 20:00:00,0.7519063
2025-04-29 21:00:00,1.2504215
2025-04-29 22:00:00,1.486259
2025-04-29 23:00:00,1.326751
2025-04-30 00:00:00,0.89734024
2025-04-30 01:00:00,0.41483176
2025-04-30 02:00:00,-0.07464592
2025-04-30 03:00:00,-0.5613175
2025-04-30 04:00:00,-1.0000625
2025-04-30 05:00:00,-1.3082575
2025-04-30 06:00:00,-0.7874434
2025-04-30 07:00:00,-0.0139323445
2025-04-30 08:00:00,0.8057162
2025-04-30 09:00:00,1.4506484
2025-04-30 10:00:00,1.8671402
2025-04-30 11:00:00,1.9117554
2025-04-30 12:00:00,1.5470008
2025-04-30 13:00:00,1.0545665
2025-04-30 14:00:00,0.52641946
2025-04-30 15:00:00,0.005343714
2025-04-30 16:00:00,-0.4888152
2025-04-30 17:00:00,-0.91890985
2025-04-30 18:00:00,-1.0837048
2025-04-30 19:00:00,-0.5158487
2025-04-30 20:00:00,0.17264055
2025-04-30 21:00:00,0.77767736
2025-04-30 22:00:00,1.2123514
2025-04-30 23:00:00,1.3681602
2025-05-01 00:00:00,1.1363413
2025-05-01 01:00:00,0.70753706
2025-05-01 02:00:00,0.2355209
2025-05-01 03:00:00,-0.23473138
2025-05-01 04:00:00,-0.68827575
2025-05-01 05:00:00,-1.100322
2025-05-01 06:00:00,-1.2320065
2025-05-01 07:00:00,-0.58659303
2025-05-01 08:00:00,0.19060205
2025-05-01 09:00:00,0.9118502
2025-05-01 10:00:00,1.475267
2025-05-01 11:00:00,1.7952849
2025-05-01 12:00:00,1.7355256
2025-05-01 13:00:00,1.3390756
2025-05-01 14:00:00,0.8582223
2025-05-01 15:00:00,0.34512806
2025-05-01 16:00:00,-0.14608608
2025-05-01 17:00:00,-0.61888206
2025-05-01 18:00:00,-0.99421406
2025-05-01 19:00:00,-0.99151003
2025-05-01 20:00:00,-0.4344269
2025-05-01 21:00:00,0.184585
2025-05-01 22:00:00,0.713025
2025-05-01 23:00:00,1.072881
2025-05-02 00:00:00,1.1599709
2025-05-02 01:00:00,0.90937567
2025-05-02 02:00:00,0.50447845
2025-05-02 03:00:00,0.06627354
2025-05-02 04:00:00,-0.3721105
2025-05-02 05:00:00,-0.78008616
2025-05-02 06:00:00,-1.126374
2025-05-02 07:00:00,-0.990306
2025-05-02 08:00:00,-0.38197628
2025-05-02 09:00:00,0.30301487
2025-05-02 10:00:00,0.9344288
2025-05-02 11:00:00,1.4105122
2025-05-02 12:00:00,1.6535187
2025-05-02 13:00:00,1.5307078
2025-05-02 14:00:00,1.1427454
2025-05-02 15:00:00,0.6792016
2025-05-02 16:00:00,0.19403116
2025-05-02 17:00:00,-0.26921788
2025-05-02 18:00:00,-0.6895891
2025-05-02 19:00:00,-1.026261
2025-05-02 20:00:00,-0.9387904
2025-05-02 21:00:00,-0.43481097
2025-05-02 22:00:00,0.11275343
2025-05-02 23:00:00,0.5873388
2025-05-03 00:00:00,0.9093929
2025-05-03 01:00:00,0.9928713
2025-05-03 02:00:00,0.7813531
2025-05-03 03:00:00,0.41452935
2025-05-03 04:00:00,0.015049692
2025-05-03 05:00:00,-0.383342
2025-05-03 06:00:00,-0.7497294
2025-05-03 07:00:00,-1.0170034
2025-05-03 08:00:00,-0.818097
2025-05-03 09:00:00,-0.2746161
2025-05-03 10:00:00,0.32668352
2025-05-03 11:00:00,0.86748725
2025-05-03 12:00:00,1.279714
2025-05-03 13:00:00,1.4732642
2025-05-03 14:00:00,1.347217
2025-05-03 15:00:00,0.9941054
2025-05-03 16:00:00,0.5668226
2025-05-03 17:00:00,0.1205526
2025-05-03 18:00:00,-0.30303088
2025-05-03 19:00:00,-0.68458754
2025-05-03 20:00:00,-0.9746914
2025-05-03 21:00:00,-0.9329968
2025-05-03 22:00:00,-0.51720405
2025-05-03 23:00:00,-0.027963001
2025-05-04 00:00:00,0.41883245
2025-05-04 01:00:00,0.75270844
2025-05-04 02:00:00,0.89883244
2025-05-04 03:00:00,0.7879969
2025-05-04 04:00:00,0.4903534
2025-05-04 05:00:00,0.12744834
2025-05-04 06:00:00,-0.22634676
2025-05-04 07:00:00,-0.56270534
2025-05-04 08:00:00,-0.8035375
2025-05-04 09:00:00,-0.7171595
2025-05-04 10:00:00,-0.27545857
2025-05-04 11:00:00,0.23938237
2025-05-04 12:00:00,0.71391505
2025-05-04 13:00:00,1.0856837
2025-05-04 14:00:00,1.2851608
2025-05-04 15:00:00,1.2207067
2025-05-04 16:00:00,0.9286166
2025-05-04 17:00:00,0.5425636
2025-05-04 18:00:00,0.12550727
